year,team,payroll_usd,source,pay_pctile,prorated,tax_ratio
1985,ATL,14807000,lahman,1,FALSE,NA
1985,BAL,11560712,lahman,0.8,FALSE,NA
1985,BOS,10897560,lahman,0.64,FALSE,NA
1985,LAA,14427894,lahman,0.96,FALSE,NA
1985,CHW,9846178,lahman,0.44,FALSE,NA
1985,CHC,12702917,lahman,0.88,FALSE,NA
1985,CIN,8359917,lahman,0.2,FALSE,NA
1985,CLE,6551666,lahman,0.08,FALSE,NA
1985,DET,10348143,lahman,0.56,FALSE,NA
1985,HOU,9993051,lahman,0.48,FALSE,NA
1985,KCR,9321179,lahman,0.36,FALSE,NA
1985,LAD,10967917,lahman,0.68,FALSE,NA
1985,MIN,5764821,lahman,0.04,FALSE,NA
1985,ML4,11284107,lahman,0.76,FALSE,NA
1985,WSN,9470166,lahman,0.4,FALSE,NA
1985,NYY,14238204,lahman,0.92,FALSE,NA
1985,NYM,10834762,lahman,0.6,FALSE,NA
1985,OAK,9058606,lahman,0.28,FALSE,NA
1985,PHI,10124966,lahman,0.52,FALSE,NA
1985,PIT,9227500,lahman,0.32,FALSE,NA
1985,SDP,11036583,lahman,0.72,FALSE,NA
1985,SEA,4613000,lahman,0,FALSE,NA
1985,SFG,8221714,lahman,0.16,FALSE,NA
1985,STL,11817083,lahman,0.84,FALSE,NA
1985,TEX,7676500,lahman,0.12,FALSE,NA
1985,TOR,8812550,lahman,0.24,FALSE,NA
1986,ATL,17102786,lahman,0.92,FALSE,NA
1986,BAL,13001258,lahman,0.68,FALSE,NA
1986,BOS,14402239,lahman,0.76,FALSE,NA
1986,LAA,14427258,lahman,0.8,FALSE,NA
1986,CHW,10418819,lahman,0.36,FALSE,NA
1986,CHC,17208165,lahman,0.96,FALSE,NA
1986,CIN,11906388,lahman,0.56,FALSE,NA
1986,CLE,7809500,lahman,0.08,FALSE,NA
1986,DET,12335714,lahman,0.6,FALSE,NA
1986,HOU,9873276,lahman,0.24,FALSE,NA
1986,KCR,13043698,lahman,0.72,FALSE,NA
1986,LAD,14913776,lahman,0.84,FALSE,NA
1986,MIN,8748167,lahman,0.12,FALSE,NA
1986,ML4,9943642,lahman,0.32,FALSE,NA
1986,WSN,11103600,lahman,0.44,FALSE,NA
1986,NYY,18494253,lahman,1,FALSE,NA
1986,NYM,15393714,lahman,0.88,FALSE,NA
1986,OAK,9779421,lahman,0.2,FALSE,NA
1986,PHI,11590166,lahman,0.52,FALSE,NA
1986,PIT,10843500,lahman,0.4,FALSE,NA
1986,SDP,11380693,lahman,0.48,FALSE,NA
1986,SEA,5958309,lahman,0,FALSE,NA
1986,SFG,8947000,lahman,0.16,FALSE,NA
1986,STL,9875010,lahman,0.28,FALSE,NA
1986,TEX,6743119,lahman,0.04,FALSE,NA
1986,TOR,12611047,lahman,0.64,FALSE,NA
1987,ATL,16544560,lahman,0.96,FALSE,NA
1987,BAL,13900273,lahman,0.88,FALSE,NA
1987,BOS,10144167,lahman,0.36,FALSE,NA
1987,LAA,12843499,lahman,0.76,FALSE,NA
1987,CHW,10641843,lahman,0.44,FALSE,NA
1987,CHC,14307999,lahman,0.92,FALSE,NA
1987,CIN,9281500,lahman,0.32,FALSE,NA
1987,CLE,8513750,lahman,0.28,FALSE,NA
1987,DET,12122881,lahman,0.68,FALSE,NA
1987,HOU,12608371,lahman,0.72,FALSE,NA
1987,KCR,11828056,lahman,0.64,FALSE,NA
1987,LAD,13675403,lahman,0.8,FALSE,NA
1987,MIN,6397500,lahman,0.08,FALSE,NA
1987,ML4,7293224,lahman,0.2,FALSE,NA
1987,WSN,6942052,lahman,0.12,FALSE,NA
1987,NYY,17099714,lahman,1,FALSE,NA
1987,NYM,13846714,lahman,0.84,FALSE,NA
1987,OAK,11680839,lahman,0.56,FALSE,NA
1987,PHI,11514233,lahman,0.52,FALSE,NA
1987,PIT,7652000,lahman,0.24,FALSE,NA
1987,SDP,11065796,lahman,0.48,FALSE,NA
1987,SEA,2263500,lahman,0.04,FALSE,NA
1987,SFG,7290000,lahman,0.16,FALSE,NA
1987,STL,11758000,lahman,0.6,FALSE,NA
1987,TEX,880000,lahman,0,FALSE,NA
1987,TOR,10479501,lahman,0.4,FALSE,NA
1988,ATL,12728174,lahman,0.6,FALSE,NA
1988,BAL,13532075,lahman,0.76,FALSE,NA
1988,BOS,13896092,lahman,0.84,FALSE,NA
1988,LAA,11947388,lahman,0.4,FALSE,NA
1988,CHW,6390000,lahman,0.08,FALSE,NA
1988,CHC,13119198,lahman,0.72,FALSE,NA
1988,CIN,8888409,lahman,0.2,FALSE,NA
1988,CLE,8936500,lahman,0.24,FALSE,NA
1988,DET,12869571,lahman,0.64,FALSE,NA
1988,HOU,12286167,lahman,0.48,FALSE,NA
1988,KCR,14556562,lahman,0.88,FALSE,NA
1988,LAD,16850515,lahman,0.96,FALSE,NA
1988,MIN,12462666,lahman,0.56,FALSE,NA
1988,ML4,8402000,lahman,0.16,FALSE,NA
1988,WSN,9603333,lahman,0.32,FALSE,NA
1988,NYY,19441152,lahman,1,FALSE,NA
1988,NYM,15269314,lahman,0.92,FALSE,NA
1988,OAK,9690000,lahman,0.36,FALSE,NA
1988,PHI,13838000,lahman,0.8,FALSE,NA
1988,PIT,5998500,lahman,0.04,FALSE,NA
1988,SDP,9561002,lahman,0.28,FALSE,NA
1988,SEA,7342450,lahman,0.12,FALSE,NA
1988,SFG,12380000,lahman,0.52,FALSE,NA
1988,STL,12880000,lahman,0.68,FALSE,NA
1988,TEX,5342131,lahman,0,FALSE,NA
1988,TOR,12241225,lahman,0.44,FALSE,NA
1989,ATL,11112334,lahman,0.28,FALSE,NA
1989,BAL,8275167,lahman,0.04,FALSE,NA
1989,BOS,17481748,lahman,0.88,FALSE,NA
1989,LAA,15097833,lahman,0.6,FALSE,NA
1989,CHW,7265410,lahman,0,FALSE,NA
1989,CHC,10668000,lahman,0.2,FALSE,NA
1989,CIN,11072000,lahman,0.24,FALSE,NA
1989,CLE,9094500,lahman,0.08,FALSE,NA
1989,DET,15146404,lahman,0.64,FALSE,NA
1989,HOU,15029500,lahman,0.56,FALSE,NA
1989,KCR,18683568,lahman,0.92,FALSE,NA
1989,LAD,21071562,lahman,1,FALSE,NA
1989,MIN,15531666,lahman,0.68,FALSE,NA
1989,ML4,11533000,lahman,0.32,FALSE,NA
1989,WSN,13807389,lahman,0.44,FALSE,NA
1989,NYY,17114375,lahman,0.84,FALSE,NA
1989,NYM,19885071,lahman,0.96,FALSE,NA
1989,OAK,15613070,lahman,0.72,FALSE,NA
1989,PHI,10604000,lahman,0.16,FALSE,NA
1989,PIT,12737500,lahman,0.4,FALSE,NA
1989,SDP,14195000,lahman,0.48,FALSE,NA
1989,SEA,9779500,lahman,0.12,FALSE,NA
1989,SFG,14962834,lahman,0.52,FALSE,NA
1989,STL,16078833,lahman,0.76,FALSE,NA
1989,TEX,11893781,lahman,0.36,FALSE,NA
1989,TOR,16261666,lahman,0.8,FALSE,NA
1990,ATL,14555501,lahman,0.28,FALSE,NA
1990,BAL,9680084,lahman,0.04,FALSE,NA
1990,BOS,20558333,lahman,0.8,FALSE,NA
1990,LAA,21720000,lahman,0.92,FALSE,NA
1990,CHW,9491500,lahman,0,FALSE,NA
1990,CHC,13624000,lahman,0.16,FALSE,NA
1990,CIN,14370000,lahman,0.2,FALSE,NA
1990,CLE,14487000,lahman,0.24,FALSE,NA
1990,DET,17593238,lahman,0.52,FALSE,NA
1990,HOU,18330000,lahman,0.6,FALSE,NA
1990,KCR,23361084,lahman,1,FALSE,NA
1990,LAD,21318704,lahman,0.88,FALSE,NA
1990,MIN,14602000,lahman,0.32,FALSE,NA
1990,ML4,19719167,lahman,0.68,FALSE,NA
1990,WSN,16586388,lahman,0.44,FALSE,NA
1990,NYY,20912318,lahman,0.84,FALSE,NA
1990,NYM,21722834,lahman,0.96,FALSE,NA
1990,OAK,19887501,lahman,0.72,FALSE,NA
1990,PHI,13173667,lahman,0.12,FALSE,NA
1990,PIT,15556000,lahman,0.4,FALSE,NA
1990,SDP,17588334,lahman,0.48,FALSE,NA
1990,SEA,12553667,lahman,0.08,FALSE,NA
1990,SFG,19335333,lahman,0.64,FALSE,NA
1990,STL,20523334,lahman,0.76,FALSE,NA
1990,TEX,14874372,lahman,0.36,FALSE,NA
1990,TOR,17756834,lahman,0.56,FALSE,NA
1991,ATL,18403500,lahman,0.28,FALSE,NA
1991,BAL,17519000,lahman,0.16,FALSE,NA
1991,BOS,35167500,lahman,0.96,FALSE,NA
1991,LAA,33060001,lahman,0.92,FALSE,NA
1991,CHW,16919667,lahman,0.12,FALSE,NA
1991,CHC,23175667,lahman,0.52,FALSE,NA
1991,CIN,26305333,lahman,0.68,FALSE,NA
1991,CLE,17635000,lahman,0.2,FALSE,NA
1991,DET,23838333,lahman,0.64,FALSE,NA
1991,HOU,12852500,lahman,0.04,FALSE,NA
1991,KCR,26319834,lahman,0.72,FALSE,NA
1991,LAD,32790664,lahman,0.88,FALSE,NA
1991,MIN,23361833,lahman,0.56,FALSE,NA
1991,ML4,23115500,lahman,0.48,FALSE,NA
1991,WSN,10732333,lahman,0,FALSE,NA
1991,NYY,27344168,lahman,0.76,FALSE,NA
1991,NYM,32590001,lahman,0.84,FALSE,NA
1991,OAK,36999167,lahman,1,FALSE,NA
1991,PHI,22487332,lahman,0.44,FALSE,NA
1991,PIT,23634667,lahman,0.6,FALSE,NA
1991,SDP,22150001,lahman,0.4,FALSE,NA
1991,SEA,15691833,lahman,0.08,FALSE,NA
1991,SFG,30967666,lahman,0.8,FALSE,NA
1991,STL,21860001,lahman,0.36,FALSE,NA
1991,TEX,18224500,lahman,0.24,FALSE,NA
1991,TOR,19902417,lahman,0.32,FALSE,NA
1992,ATL,34625333,lahman,0.68,FALSE,NA
1992,BAL,23780667,lahman,0.16,FALSE,NA
1992,BOS,43610584,lahman,0.88,FALSE,NA
1992,LAA,34749334,lahman,0.72,FALSE,NA
1992,CHW,30160833,lahman,0.48,FALSE,NA
1992,CHC,29829686,lahman,0.4,FALSE,NA
1992,CIN,35931499,lahman,0.76,FALSE,NA
1992,CLE,9373044,lahman,0,FALSE,NA
1992,DET,27322834,lahman,0.28,FALSE,NA
1992,HOU,15407500,lahman,0.04,FALSE,NA
1992,KCR,33893834,lahman,0.6,FALSE,NA
1992,LAD,44788166,lahman,0.96,FALSE,NA
1992,MIN,28027834,lahman,0.36,FALSE,NA
1992,ML4,31013667,lahman,0.52,FALSE,NA
1992,WSN,15822334,lahman,0.08,FALSE,NA
1992,NYY,37543334,lahman,0.8,FALSE,NA
1992,NYM,44602002,lahman,0.92,FALSE,NA
1992,OAK,41035000,lahman,0.84,FALSE,NA
1992,PHI,24383834,lahman,0.2,FALSE,NA
1992,PIT,33944167,lahman,0.64,FALSE,NA
1992,SDP,26854167,lahman,0.24,FALSE,NA
1992,SEA,23179833,lahman,0.12,FALSE,NA
1992,SFG,33163168,lahman,0.56,FALSE,NA
1992,STL,27583836,lahman,0.32,FALSE,NA
1992,TEX,30128167,lahman,0.44,FALSE,NA
1992,TOR,44788666,lahman,1,FALSE,NA
1993,ATL,41641417,lahman,0.8888888888888888,FALSE,NA
1993,BAL,29096500,lahman,0.4074074074074074,FALSE,NA
1993,BOS,37120583,lahman,0.5925925925925926,FALSE,NA
1993,LAA,28588334,lahman,0.37037037037037035,FALSE,NA
1993,CHW,39696166,lahman,0.8148148148148148,FALSE,NA
1993,CHC,39386666,lahman,0.7777777777777778,FALSE,NA
1993,CIN,44879666,lahman,0.9629629629629629,FALSE,NA
1993,CLE,18561000,lahman,0.037037037037037035,FALSE,NA
1993,COL,10353500,lahman,0,FALSE,NA
1993,DET,38150165,lahman,0.6666666666666666,FALSE,NA
1993,MIA,19330545,lahman,0.1111111111111111,FALSE,NA
1993,HOU,30210500,lahman,0.4444444444444444,FALSE,NA
1993,KCR,41346167,lahman,0.8518518518518519,FALSE,NA
1993,LAD,39331999,lahman,0.7407407407407407,FALSE,NA
1993,MIN,28217933,lahman,0.2962962962962963,FALSE,NA
1993,ML4,23806834,lahman,0.18518518518518517,FALSE,NA
1993,WSN,18899333,lahman,0.07407407407407407,FALSE,NA
1993,NYY,42974900,lahman,0.9259259259259259,FALSE,NA
1993,NYM,39043667,lahman,0.7037037037037037,FALSE,NA
1993,OAK,37812333,lahman,0.6296296296296297,FALSE,NA
1993,PHI,28538334,lahman,0.3333333333333333,FALSE,NA
1993,PIT,24822467,lahman,0.2222222222222222,FALSE,NA
1993,SDP,25511333,lahman,0.25925925925925924,FALSE,NA
1993,SEA,32696333,lahman,0.48148148148148145,FALSE,NA
1993,SFG,35050000,lahman,0.5185185185185185,FALSE,NA
1993,STL,23367334,lahman,0.14814814814814814,FALSE,NA
1993,TEX,36376959,lahman,0.5555555555555556,FALSE,NA
1993,TOR,47279166,lahman,1,FALSE,NA
1994,ATL,49383513,lahman,1,FALSE,NA
1994,BAL,38849769,lahman,0.7037037037037037,FALSE,NA
1994,BOS,37859084,lahman,0.6296296296296297,FALSE,NA
1994,LAA,25156218,lahman,0.2222222222222222,FALSE,NA
1994,CHW,39183836,lahman,0.7407407407407407,FALSE,NA
1994,CHC,36287333,lahman,0.5925925925925926,FALSE,NA
1994,CIN,40961833,lahman,0.8148148148148148,FALSE,NA
1994,CLE,30490500,lahman,0.37037037037037035,FALSE,NA
1994,COL,23887333,lahman,0.1111111111111111,FALSE,NA
1994,DET,41446501,lahman,0.8518518518518519,FALSE,NA
1994,MIA,21633000,lahman,0.07407407407407407,FALSE,NA
1994,HOU,33126000,lahman,0.5185185185185185,FALSE,NA
1994,KCR,40541334,lahman,0.7777777777777778,FALSE,NA
1994,LAD,38000001,lahman,0.6666666666666666,FALSE,NA
1994,MIN,28438500,lahman,0.25925925925925924,FALSE,NA
1994,ML4,24350500,lahman,0.18518518518518517,FALSE,NA
1994,WSN,19098000,lahman,0.037037037037037035,FALSE,NA
1994,NYY,45731334,lahman,0.9629629629629629,FALSE,NA
1994,NYM,30956583,lahman,0.4074074074074074,FALSE,NA
1994,OAK,34172500,lahman,0.5555555555555556,FALSE,NA
1994,PHI,31599000,lahman,0.4444444444444444,FALSE,NA
1994,PIT,24217250,lahman,0.14814814814814814,FALSE,NA
1994,SDP,14916333,lahman,0,FALSE,NA
1994,SEA,29228500,lahman,0.2962962962962963,FALSE,NA
1994,SFG,42638666,lahman,0.8888888888888888,FALSE,NA
1994,STL,29275601,lahman,0.3333333333333333,FALSE,NA
1994,TEX,32973597,lahman,0.48148148148148145,FALSE,NA
1994,TOR,43433668,lahman,0.9259259259259259,FALSE,NA
1995,ATL,47235445,lahman,0.9259259259259259,FALSE,NA
1995,BAL,43942521,lahman,0.8518518518518519,FALSE,NA
1995,BOS,32455518,lahman,0.4074074074074074,FALSE,NA
1995,LAA,31223171,lahman,0.37037037037037035,FALSE,NA
1995,CHW,46961282,lahman,0.8888888888888888,FALSE,NA
1995,CHC,29505834,lahman,0.25925925925925924,FALSE,NA
1995,CIN,43144670,lahman,0.8148148148148148,FALSE,NA
1995,CLE,37937835,lahman,0.7407407407407407,FALSE,NA
1995,COL,34154717,lahman,0.4444444444444444,FALSE,NA
1995,DET,37044168,lahman,0.6296296296296297,FALSE,NA
1995,MIA,24515781,lahman,0.1111111111111111,FALSE,NA
1995,HOU,34169834,lahman,0.48148148148148145,FALSE,NA
1995,KCR,29532834,lahman,0.2962962962962963,FALSE,NA
1995,LAD,39273201,lahman,0.7777777777777778,FALSE,NA
1995,MIN,25410500,lahman,0.14814814814814814,FALSE,NA
1995,ML4,17798825,lahman,0.037037037037037035,FALSE,NA
1995,WSN,12364000,lahman,0,FALSE,NA
1995,NYY,48874851,lahman,0.9629629629629629,FALSE,NA
1995,NYM,27674992,lahman,0.2222222222222222,FALSE,NA
1995,OAK,37739225,lahman,0.7037037037037037,FALSE,NA
1995,PHI,30555945,lahman,0.3333333333333333,FALSE,NA
1995,PIT,18355345,lahman,0.07407407407407407,FALSE,NA
1995,SDP,26382334,lahman,0.18518518518518517,FALSE,NA
1995,SEA,36481311,lahman,0.5925925925925926,FALSE,NA
1995,SFG,36462777,lahman,0.5555555555555556,FALSE,NA
1995,STL,37101000,lahman,0.6666666666666666,FALSE,NA
1995,TEX,34581451,lahman,0.5185185185185185,FALSE,NA
1995,TOR,50590000,lahman,1,FALSE,NA
1996,ATL,49698500,lahman,0.9259259259259259,FALSE,NA
1996,BAL,54490315,lahman,1,FALSE,NA
1996,BOS,42393500,lahman,0.7777777777777778,FALSE,NA
1996,LAA,28738000,lahman,0.37037037037037035,FALSE,NA
1996,CHW,45139500,lahman,0.8518518518518519,FALSE,NA
1996,CHC,33081000,lahman,0.48148148148148145,FALSE,NA
1996,CIN,42526334,lahman,0.8148148148148148,FALSE,NA
1996,CLE,48107360,lahman,0.8888888888888888,FALSE,NA
1996,COL,40179823,lahman,0.6666666666666666,FALSE,NA
1996,DET,23438000,lahman,0.2222222222222222,FALSE,NA
1996,MIA,31022500,lahman,0.4444444444444444,FALSE,NA
1996,HOU,28487000,lahman,0.3333333333333333,FALSE,NA
1996,KCR,20281250,lahman,0.037037037037037035,FALSE,NA
1996,LAD,35355000,lahman,0.5555555555555556,FALSE,NA
1996,MIN,23117000,lahman,0.18518518518518517,FALSE,NA
1996,ML4,21730000,lahman,0.1111111111111111,FALSE,NA
1996,WSN,16264500,lahman,0,FALSE,NA
1996,NYY,54191792,lahman,0.9629629629629629,FALSE,NA
1996,NYM,24479500,lahman,0.25925925925925924,FALSE,NA
1996,OAK,21243000,lahman,0.07407407407407407,FALSE,NA
1996,PHI,34314500,lahman,0.5185185185185185,FALSE,NA
1996,PIT,23017500,lahman,0.14814814814814814,FALSE,NA
1996,SDP,28348172,lahman,0.2962962962962963,FALSE,NA
1996,SEA,41328501,lahman,0.7407407407407407,FALSE,NA
1996,SFG,37144725,lahman,0.5925925925925926,FALSE,NA
1996,STL,40269667,lahman,0.7037037037037037,FALSE,NA
1996,TEX,39041528,lahman,0.6296296296296297,FALSE,NA
1996,TOR,29555083,lahman,0.4074074074074074,FALSE,NA
1997,LAA,31135472,lahman,0.18518518518518517,FALSE,NA
1997,ATL,52278500,lahman,0.8148148148148148,FALSE,NA
1997,BAL,58516400,lahman,0.9629629629629629,FALSE,NA
1997,BOS,43558750,lahman,0.5555555555555556,FALSE,NA
1997,CHW,57740000,lahman,0.9259259259259259,FALSE,NA
1997,CHC,42155333,lahman,0.5185185185185185,FALSE,NA
1997,CIN,49768000,lahman,0.7777777777777778,FALSE,NA
1997,CLE,56802460,lahman,0.8888888888888888,FALSE,NA
1997,COL,43559667,lahman,0.5925925925925926,FALSE,NA
1997,DET,17272000,lahman,0.037037037037037035,FALSE,NA
1997,MIA,48692500,lahman,0.7407407407407407,FALSE,NA
1997,HOU,34777500,lahman,0.2962962962962963,FALSE,NA
1997,KCR,34655000,lahman,0.25925925925925924,FALSE,NA
1997,LAD,45380304,lahman,0.6296296296296297,FALSE,NA
1997,MIN,34072500,lahman,0.2222222222222222,FALSE,NA
1997,ML4,23655338,lahman,0.1111111111111111,FALSE,NA
1997,WSN,19295500,lahman,0.07407407407407407,FALSE,NA
1997,NYY,62241545,lahman,1,FALSE,NA
1997,NYM,39800400,lahman,0.4444444444444444,FALSE,NA
1997,OAK,24018500,lahman,0.14814814814814814,FALSE,NA
1997,PHI,36656500,lahman,0.37037037037037035,FALSE,NA
1997,PIT,10771667,lahman,0,FALSE,NA
1997,SDP,37363672,lahman,0.4074074074074074,FALSE,NA
1997,SEA,41540661,lahman,0.48148148148148145,FALSE,NA
1997,SFG,35592378,lahman,0.3333333333333333,FALSE,NA
1997,STL,45456667,lahman,0.6666666666666666,FALSE,NA
1997,TEX,53448838,lahman,0.8518518518518519,FALSE,NA
1997,TOR,47079833,lahman,0.7037037037037037,FALSE,NA
1998,LAA,41281000,lahman,0.41379310344827586,FALSE,NA
1998,ARI,32347000,lahman,0.2413793103448276,FALSE,NA
1998,ATL,61186000,lahman,0.9310344827586207,FALSE,NA
1998,BAL,72355634,lahman,1,FALSE,NA
1998,BOS,56757000,lahman,0.8620689655172413,FALSE,NA
1998,CHW,38335000,lahman,0.3793103448275862,FALSE,NA
1998,CHC,50838000,lahman,0.6551724137931034,FALSE,NA
1998,CIN,23005000,lahman,0.10344827586206896,FALSE,NA
1998,CLE,60800166,lahman,0.896551724137931,FALSE,NA
1998,COL,50484648,lahman,0.6206896551724138,FALSE,NA
1998,DET,24065000,lahman,0.13793103448275862,FALSE,NA
1998,MIA,41322667,lahman,0.4482758620689655,FALSE,NA
1998,HOU,42374000,lahman,0.4827586206896552,FALSE,NA
1998,KCR,36862500,lahman,0.3448275862068966,FALSE,NA
1998,LAD,48820000,lahman,0.5862068965517241,FALSE,NA
1998,MIL,33914904,lahman,0.27586206896551724,FALSE,NA
1998,MIN,27927500,lahman,0.20689655172413793,FALSE,NA
1998,WSN,10641500,lahman,0,FALSE,NA
1998,NYY,66806867,lahman,0.9655172413793104,FALSE,NA
1998,NYM,52077999,lahman,0.7241379310344828,FALSE,NA
1998,OAK,21303000,lahman,0.06896551724137931,FALSE,NA
1998,PHI,36297500,lahman,0.3103448275862069,FALSE,NA
1998,PIT,15065000,lahman,0.034482758620689655,FALSE,NA
1998,SDP,46861500,lahman,0.5517241379310345,FALSE,NA
1998,SEA,54087036,lahman,0.7586206896551724,FALSE,NA
1998,SFG,42565834,lahman,0.5172413793103449,FALSE,NA
1998,STL,54672521,lahman,0.7931034482758621,FALSE,NA
1998,TBR,27280000,lahman,0.1724137931034483,FALSE,NA
1998,TEX,56572095,lahman,0.8275862068965517,FALSE,NA
1998,TOR,51376000,lahman,0.6896551724137931,FALSE,NA
1999,LAA,55388166,lahman,0.6206896551724138,FALSE,NA
1999,ARI,68703999,lahman,0.7931034482758621,FALSE,NA
1999,ATL,73140000,lahman,0.8620689655172413,FALSE,NA
1999,BAL,80605863,lahman,0.9310344827586207,FALSE,NA
1999,BOS,63497500,lahman,0.7241379310344828,FALSE,NA
1999,CHW,25620000,lahman,0.1724137931034483,FALSE,NA
1999,CHC,62343000,lahman,0.6896551724137931,FALSE,NA
1999,CIN,33962761,lahman,0.27586206896551724,FALSE,NA
1999,CLE,72978462,lahman,0.8275862068965517,FALSE,NA
1999,COL,61935837,lahman,0.6551724137931034,FALSE,NA
1999,DET,36489666,lahman,0.3103448275862069,FALSE,NA
1999,MIA,21085000,lahman,0.034482758620689655,FALSE,NA
1999,HOU,54914000,lahman,0.5862068965517241,FALSE,NA
1999,KCR,26225000,lahman,0.20689655172413793,FALSE,NA
1999,LAD,80862453,lahman,0.9655172413793104,FALSE,NA
1999,MIL,43377395,lahman,0.3793103448275862,FALSE,NA
1999,MIN,21257500,lahman,0.06896551724137931,FALSE,NA
1999,WSN,17903000,lahman,0,FALSE,NA
1999,NYY,86734359,lahman,1,FALSE,NA
1999,NYM,65092092,lahman,0.7586206896551724,FALSE,NA
1999,OAK,24431833,lahman,0.10344827586206896,FALSE,NA
1999,PHI,31692500,lahman,0.2413793103448276,FALSE,NA
1999,PIT,24917666,lahman,0.13793103448275862,FALSE,NA
1999,SDP,49768179,lahman,0.4827586206896552,FALSE,NA
1999,SEA,54125003,lahman,0.5517241379310345,FALSE,NA
1999,SFG,46595057,lahman,0.4482758620689655,FALSE,NA
1999,STL,49778195,lahman,0.5172413793103449,FALSE,NA
1999,TBR,38870000,lahman,0.3448275862068966,FALSE,NA
1999,TEX,76709931,lahman,0.896551724137931,FALSE,NA
1999,TOR,45444333,lahman,0.41379310344827586,FALSE,NA
2000,LAA,51464167,lahman,0.41379310344827586,FALSE,NA
2000,ARI,81027833,lahman,0.8620689655172413,FALSE,NA
2000,ATL,84537836,lahman,0.9310344827586207,FALSE,NA
2000,BAL,81447435,lahman,0.896551724137931,FALSE,NA
2000,BOS,77940333,lahman,0.7931034482758621,FALSE,NA
2000,CHW,31133500,lahman,0.13793103448275862,FALSE,NA
2000,CHC,60539333,lahman,0.5862068965517241,FALSE,NA
2000,CIN,46867200,lahman,0.3103448275862069,FALSE,NA
2000,CLE,75880771,lahman,0.7586206896551724,FALSE,NA
2000,COL,61111190,lahman,0.6206896551724138,FALSE,NA
2000,DET,58265167,lahman,0.5172413793103449,FALSE,NA
2000,MIA,19872000,lahman,0.034482758620689655,FALSE,NA
2000,HOU,51289111,lahman,0.3793103448275862,FALSE,NA
2000,KCR,23433000,lahman,0.06896551724137931,FALSE,NA
2000,LAD,87924286,lahman,0.9655172413793104,FALSE,NA
2000,MIL,36505333,lahman,0.2413793103448276,FALSE,NA
2000,MIN,16519500,lahman,0,FALSE,NA
2000,WSN,32994333,lahman,0.20689655172413793,FALSE,NA
2000,NYY,92338260,lahman,1,FALSE,NA
2000,NYM,79509776,lahman,0.8275862068965517,FALSE,NA
2000,OAK,31971333,lahman,0.1724137931034483,FALSE,NA
2000,PHI,47308000,lahman,0.3448275862068966,FALSE,NA
2000,PIT,28928334,lahman,0.10344827586206896,FALSE,NA
2000,SDP,54821000,lahman,0.4827586206896552,FALSE,NA
2000,SEA,58915000,lahman,0.5517241379310345,FALSE,NA
2000,SFG,53737826,lahman,0.4482758620689655,FALSE,NA
2000,STL,61453863,lahman,0.6551724137931034,FALSE,NA
2000,TBR,62765129,lahman,0.6896551724137931,FALSE,NA
2000,TEX,70795921,lahman,0.7241379310344828,FALSE,NA
2000,TOR,44838332,lahman,0.27586206896551724,FALSE,NA
2001,LAA,47535167,lahman,0.27586206896551724,FALSE,NA
2001,ARI,85082999,lahman,0.7586206896551724,FALSE,NA
2001,ATL,91936166,lahman,0.8275862068965517,FALSE,NA
2001,BAL,67599540,lahman,0.5862068965517241,FALSE,NA
2001,BOS,110035833,lahman,0.9655172413793104,FALSE,NA
2001,CHW,65653667,lahman,0.5517241379310345,FALSE,NA
2001,CHC,64715833,lahman,0.5172413793103449,FALSE,NA
2001,CIN,48986000,lahman,0.3103448275862069,FALSE,NA
2001,CLE,93152001,lahman,0.8620689655172413,FALSE,NA
2001,COL,71541334,lahman,0.6206896551724138,FALSE,NA
2001,DET,53416167,lahman,0.3448275862068966,FALSE,NA
2001,MIA,35762500,lahman,0.13793103448275862,FALSE,NA
2001,HOU,60612667,lahman,0.4482758620689655,FALSE,NA
2001,KCR,35422500,lahman,0.10344827586206896,FALSE,NA
2001,LAD,109105953,lahman,0.9310344827586207,FALSE,NA
2001,MIL,43886833,lahman,0.2413793103448276,FALSE,NA
2001,MIN,24130000,lahman,0,FALSE,NA
2001,WSN,35159500,lahman,0.06896551724137931,FALSE,NA
2001,NYY,112287143,lahman,1,FALSE,NA
2001,NYM,93174428,lahman,0.896551724137931,FALSE,NA
2001,OAK,33810750,lahman,0.034482758620689655,FALSE,NA
2001,PHI,41663833,lahman,0.20689655172413793,FALSE,NA
2001,PIT,57760833,lahman,0.41379310344827586,FALSE,NA
2001,SDP,39182833,lahman,0.1724137931034483,FALSE,NA
2001,SEA,74720834,lahman,0.6551724137931034,FALSE,NA
2001,SFG,63280167,lahman,0.4827586206896552,FALSE,NA
2001,STL,78538333,lahman,0.7241379310344828,FALSE,NA
2001,TBR,56980000,lahman,0.3793103448275862,FALSE,NA
2001,TEX,88633500,lahman,0.7931034482758621,FALSE,NA
2001,TOR,76895999,lahman,0.6896551724137931,FALSE,NA
2002,LAA,61721667,lahman,0.5172413793103449,FALSE,NA
2002,ARI,102819999,lahman,0.896551724137931,FALSE,NA
2002,ATL,92870367,lahman,0.7931034482758621,FALSE,NA
2002,BAL,60493487,lahman,0.4827586206896552,FALSE,NA
2002,BOS,108366060,lahman,0.9655172413793104,FALSE,NA
2002,CHW,57052833,lahman,0.41379310344827586,FALSE,NA
2002,CHC,75690833,lahman,0.6206896551724138,FALSE,NA
2002,CIN,45050390,lahman,0.2413793103448276,FALSE,NA
2002,CLE,78909449,lahman,0.7241379310344828,FALSE,NA
2002,COL,56851043,lahman,0.3793103448275862,FALSE,NA
2002,DET,55048000,lahman,0.3448275862068966,FALSE,NA
2002,MIA,41979917,lahman,0.1724137931034483,FALSE,NA
2002,HOU,63448417,lahman,0.5517241379310345,FALSE,NA
2002,KCR,47257000,lahman,0.27586206896551724,FALSE,NA
2002,LAD,94850953,lahman,0.8620689655172413,FALSE,NA
2002,MIL,50287833,lahman,0.3103448275862069,FALSE,NA
2002,MIN,40425000,lahman,0.10344827586206896,FALSE,NA
2002,WSN,38670500,lahman,0.034482758620689655,FALSE,NA
2002,NYY,125928583,lahman,1,FALSE,NA
2002,NYM,94633593,lahman,0.8275862068965517,FALSE,NA
2002,OAK,40004167,lahman,0.06896551724137931,FALSE,NA
2002,PHI,57954999,lahman,0.4482758620689655,FALSE,NA
2002,PIT,42323599,lahman,0.20689655172413793,FALSE,NA
2002,SDP,41425000,lahman,0.13793103448275862,FALSE,NA
2002,SEA,80282668,lahman,0.7586206896551724,FALSE,NA
2002,SFG,78299835,lahman,0.6896551724137931,FALSE,NA
2002,STL,74660875,lahman,0.5862068965517241,FALSE,NA
2002,TBR,34380000,lahman,0,FALSE,NA
2002,TEX,105526122,lahman,0.9310344827586207,FALSE,NA
2002,TOR,76864333,lahman,0.6551724137931034,FALSE,NA
2003,LAA,79031667,lahman,0.6206896551724138,FALSE,0.6754843333333334
2003,ARI,80657000,lahman,0.6896551724137931,FALSE,0.6893760683760684
2003,ATL,106243667,lahman,0.9310344827586207,FALSE,0.9080655299145299
2003,BAL,73877500,lahman,0.5862068965517241,FALSE,0.6314316239316239
2003,BOS,99946500,lahman,0.8275862068965517,FALSE,0.8542435897435897
2003,CHW,51010000,lahman,0.27586206896551724,FALSE,0.435982905982906
2003,CHC,79868333,lahman,0.6551724137931034,FALSE,0.6826353247863248
2003,CIN,59355667,lahman,0.4482758620689655,FALSE,0.5073133931623932
2003,CLE,48584834,lahman,0.13793103448275862,FALSE,0.41525499145299144
2003,COL,67179667,lahman,0.4827586206896552,FALSE,0.574185188034188
2003,DET,49168000,lahman,0.1724137931034483,FALSE,0.42023931623931626
2003,MIA,49450000,lahman,0.20689655172413793,FALSE,0.42264957264957265
2003,HOU,71040000,lahman,0.5517241379310345,FALSE,0.6071794871794872
2003,KCR,40518000,lahman,0.034482758620689655,FALSE,0.3463076923076923
2003,LAD,105572620,lahman,0.896551724137931,FALSE,0.9023300854700854
2003,MIL,40627000,lahman,0.06896551724137931,FALSE,0.34723931623931625
2003,MIN,55505000,lahman,0.41379310344827586,FALSE,0.4744017094017094
2003,WSN,51948500,lahman,0.3448275862068966,FALSE,0.4440042735042735
2003,NYY,152749814,lahman,1,FALSE,1.305553965811966
2003,NYM,116876429,lahman,0.9655172413793104,FALSE,0.9989438376068376
2003,OAK,50260834,lahman,0.2413793103448276,FALSE,0.4295797777777778
2003,PHI,70780000,lahman,0.5172413793103449,FALSE,0.604957264957265
2003,PIT,54812429,lahman,0.3793103448275862,FALSE,0.46848229914529915
2003,SDP,45210000,lahman,0.10344827586206896,FALSE,0.3864102564102564
2003,SEA,86959167,lahman,0.7931034482758621,FALSE,0.7432407435897436
2003,SFG,82852167,lahman,0.7241379310344828,FALSE,0.7081381794871795
2003,STL,83786666,lahman,0.7586206896551724,FALSE,0.7161253504273505
2003,TBR,19630000,lahman,0,FALSE,0.16777777777777778
2003,TEX,103491667,lahman,0.8620689655172413,FALSE,0.8845441623931624
2003,TOR,51269000,lahman,0.3103448275862069,FALSE,0.43819658119658117
2004,LAA,100534667,lahman,0.9310344827586207,FALSE,0.8343125892116182
2004,ARI,69780750,lahman,0.5862068965517241,FALSE,0.5790933609958506
2004,ATL,90182500,lahman,0.7586206896551724,FALSE,0.748402489626556
2004,BAL,51623333,lahman,0.3448275862068966,FALSE,0.42840940248962656
2004,BOS,127298500,lahman,0.9655172413793104,FALSE,1.0564190871369294
2004,CHW,65212500,lahman,0.5172413793103449,FALSE,0.5411825726141078
2004,CHC,90560000,lahman,0.7931034482758621,FALSE,0.7515352697095435
2004,CIN,46615250,lahman,0.20689655172413793,FALSE,0.38684854771784233
2004,CLE,34319300,lahman,0.10344827586206896,FALSE,0.28480746887966807
2004,COL,65445167,lahman,0.5517241379310345,FALSE,0.543113419087137
2004,DET,46832000,lahman,0.2413793103448276,FALSE,0.38864730290456434
2004,MIA,42143042,lahman,0.1724137931034483,FALSE,0.3497347883817427
2004,HOU,75397000,lahman,0.6206896551724138,FALSE,0.625701244813278
2004,KCR,47609000,lahman,0.27586206896551724,FALSE,0.3950954356846473
2004,LAD,92902001,lahman,0.8275862068965517,FALSE,0.7709709626556016
2004,MIL,27528500,lahman,0,FALSE,0.22845228215767635
2004,MIN,53585000,lahman,0.3793103448275862,FALSE,0.44468879668049793
2004,WSN,40897500,lahman,0.13793103448275862,FALSE,0.33939834024896265
2004,NYY,184193950,lahman,1,FALSE,1.5285804979253113
2004,NYM,96660970,lahman,0.896551724137931,FALSE,0.8021657261410788
2004,OAK,59425667,lahman,0.4827586206896552,FALSE,0.4931590622406639
2004,PHI,92919167,lahman,0.8620689655172413,FALSE,0.7711134190871369
2004,PIT,32227929,lahman,0.06896551724137931,FALSE,0.2674516929460581
2004,SDP,55384833,lahman,0.4482758620689655,FALSE,0.45962517012448134
2004,SEA,81515834,lahman,0.6551724137931034,FALSE,0.6764799502074689
2004,SFG,82019166,lahman,0.6896551724137931,FALSE,0.6806569792531121
2004,STL,83228333,lahman,0.7241379310344828,FALSE,0.6906915601659751
2004,TBR,29556667,lahman,0.034482758620689655,FALSE,0.24528354356846474
2004,TEX,55050417,lahman,0.41379310344827586,FALSE,0.4568499336099585
2004,TOR,50017000,lahman,0.3103448275862069,FALSE,0.4150788381742739
2005,ARI,62329166,lahman,0.4482758620689655,FALSE,0.486946609375
2005,ATL,86457302,lahman,0.6896551724137931,FALSE,0.675447671875
2005,BAL,73914333,lahman,0.5517241379310345,FALSE,0.5774557265625
2005,BOS,123505125,lahman,0.9655172413793104,FALSE,0.9648837890625
2005,CHW,75178000,lahman,0.5862068965517241,FALSE,0.587328125
2005,CHC,87032933,lahman,0.7241379310344828,FALSE,0.6799447890625
2005,CIN,61892583,lahman,0.41379310344827586,FALSE,0.4835358046875
2005,CLE,41502500,lahman,0.13793103448275862,FALSE,0.32423828125
2005,COL,47839000,lahman,0.20689655172413793,FALSE,0.3737421875
2005,DET,69092000,lahman,0.5172413793103449,FALSE,0.53978125
2005,MIA,60408834,lahman,0.3793103448275862,FALSE,0.471944015625
2005,HOU,76779000,lahman,0.6206896551724138,FALSE,0.5998359375
2005,KCR,36881000,lahman,0.034482758620689655,FALSE,0.2881328125
2005,LAA,94867822,lahman,0.8620689655172413,FALSE,0.741154859375
2005,LAD,83039000,lahman,0.6551724137931034,FALSE,0.6487421875
2005,MIL,39934833,lahman,0.10344827586206896,FALSE,0.3119908828125
2005,MIN,56186000,lahman,0.3448275862068966,FALSE,0.438953125
2005,NYY,208306817,lahman,1,FALSE,1.6273970078125
2005,NYM,101305821,lahman,0.9310344827586207,FALSE,0.7914517265625
2005,OAK,55425762,lahman,0.27586206896551724,FALSE,0.433013765625
2005,PHI,95522000,lahman,0.896551724137931,FALSE,0.746265625
2005,PIT,38133000,lahman,0.06896551724137931,FALSE,0.2979140625
2005,SDP,63290833,lahman,0.4827586206896552,FALSE,0.4944596328125
2005,SEA,87754334,lahman,0.7586206896551724,FALSE,0.685580734375
2005,SFG,90199500,lahman,0.7931034482758621,FALSE,0.70468359375
2005,STL,92106833,lahman,0.8275862068965517,FALSE,0.7195846328125
2005,TBR,29679067,lahman,0,FALSE,0.2318677109375
2005,TEX,55849000,lahman,0.3103448275862069,FALSE,0.4363203125
2005,TOR,45719500,lahman,0.1724137931034483,FALSE,0.35718359375
2005,WSN,48581500,lahman,0.2413793103448276,FALSE,0.37954296875
2006,ARI,59684226,lahman,0.2413793103448276,FALSE,0.4372470769230769
2006,ATL,90156876,lahman,0.7586206896551724,FALSE,0.660489934065934
2006,BAL,72585582,lahman,0.5172413793103449,FALSE,0.5317625054945055
2006,BOS,120099824,lahman,0.9655172413793104,FALSE,0.8798521904761905
2006,CHW,102750667,lahman,0.896551724137931,FALSE,0.7527521391941392
2006,CHC,94424499,lahman,0.7931034482758621,FALSE,0.6917545714285714
2006,CIN,60909519,lahman,0.27586206896551724,FALSE,0.4462235824175824
2006,CLE,56031500,lahman,0.1724137931034483,FALSE,0.4104871794871795
2006,COL,41233000,lahman,0.06896551724137931,FALSE,0.3020732600732601
2006,DET,82612866,lahman,0.5517241379310345,FALSE,0.6052224615384615
2006,MIA,14671500,lahman,0,FALSE,0.10748351648351648
2006,HOU,88694435,lahman,0.6551724137931034,FALSE,0.6497760805860806
2006,KCR,47294000,lahman,0.13793103448275862,FALSE,0.3464761904761905
2006,LAA,103472000,lahman,0.9310344827586207,FALSE,0.75803663003663
2006,LAD,98447187,lahman,0.8275862068965517,FALSE,0.7212248131868132
2006,MIL,57568333,lahman,0.20689655172413793,FALSE,0.4217460293040293
2006,MIN,63396006,lahman,0.3793103448275862,FALSE,0.4644396043956044
2006,NYY,194663079,lahman,1,FALSE,1.426103142857143
2006,NYM,101084963,lahman,0.8620689655172413,FALSE,0.7405491794871795
2006,OAK,62243079,lahman,0.3103448275862069,FALSE,0.4559932527472527
2006,PHI,88273333,lahman,0.6206896551724138,FALSE,0.6466910842490843
2006,PIT,46717750,lahman,0.10344827586206896,FALSE,0.34225457875457876
2006,SDP,69896141,lahman,0.4482758620689655,FALSE,0.512059641025641
2006,SEA,87959833,lahman,0.5862068965517241,FALSE,0.644394380952381
2006,SFG,90056419,lahman,0.7241379310344828,FALSE,0.65975398534798535
2006,STL,88891371,lahman,0.6896551724137931,FALSE,0.6512188351648351
2006,TBR,34917967,lahman,0.034482758620689655,FALSE,0.25580928205128206
2006,TEX,68228662,lahman,0.41379310344827586,FALSE,0.49984367765567767
2006,TOR,71365000,lahman,0.4827586206896552,FALSE,0.5228205128205128
2006,WSN,63143000,lahman,0.3448275862068966,FALSE,0.4625860805860806
2007,ARI,52067546,lahman,0.13793103448275862,FALSE,0.35180774324324326
2007,ATL,87290833,lahman,0.5172413793103449,FALSE,0.5898029256756757
2007,BAL,93174808,lahman,0.6896551724137931,FALSE,0.6295595135135135
2007,BOS,143026214,lahman,0.9655172413793104,FALSE,0.9663933378378379
2007,CHW,108671833,lahman,0.8620689655172413,FALSE,0.7342691418918919
2007,CHC,99670332,lahman,0.7586206896551724,FALSE,0.6734481891891891
2007,CIN,68524980,lahman,0.3448275862068966,FALSE,0.4630066216216216
2007,CLE,61673267,lahman,0.2413793103448276,FALSE,0.4167112635135135
2007,COL,54041000,lahman,0.1724137931034483,FALSE,0.3651418918918919
2007,DET,94800369,lahman,0.7241379310344828,FALSE,0.6405430337837837
2007,MIA,30507000,lahman,0.034482758620689655,FALSE,0.20612837837837839
2007,HOU,87759000,lahman,0.5517241379310345,FALSE,0.5929662162162163
2007,KCR,67116500,lahman,0.27586206896551724,FALSE,0.45348986486486487
2007,LAA,109251333,lahman,0.896551724137931,FALSE,0.7381846824324324
2007,LAD,108454524,lahman,0.8275862068965517,FALSE,0.7328008378378379
2007,MIL,70986500,lahman,0.3793103448275862,FALSE,0.4796385135135135
2007,MIN,71439500,lahman,0.41379310344827586,FALSE,0.48269932432432433
2007,NYY,189259045,lahman,1,FALSE,1.278777331081081
2007,NYM,115231663,lahman,0.9310344827586207,FALSE,0.7785923175675675
2007,OAK,79366940,lahman,0.4482758620689655,FALSE,0.5362631081081081
2007,PHI,89428213,lahman,0.5862068965517241,FALSE,0.6042446824324325
2007,PIT,38537833,lahman,0.10344827586206896,FALSE,0.26039076351351353
2007,SDP,58110567,lahman,0.20689655172413793,FALSE,0.3926389662162162
2007,SEA,106460833,lahman,0.7931034482758621,FALSE,0.7193299527027027
2007,SFG,90219056,lahman,0.6206896551724138,FALSE,0.6095882162162162
2007,STL,90286823,lahman,0.6551724137931034,FALSE,0.6100461013513514
2007,TBR,24123500,lahman,0,FALSE,0.16299662162162162
2007,TEX,68318675,lahman,0.3103448275862069,FALSE,0.46161266891891894
2007,TOR,81942800,lahman,0.4827586206896552,FALSE,0.5536675675675675
2007,WSN,36947500,lahman,0.06896551724137931,FALSE,0.24964527027027028
2008,ARI,66202712,lahman,0.2413793103448276,FALSE,0.42711427096774196
2008,ATL,102365683,lahman,0.6896551724137931,FALSE,0.6604237612903225
2008,BAL,67196246,lahman,0.27586206896551724,FALSE,0.4335241677419355
2008,BOS,133390035,lahman,0.896551724137931,FALSE,0.8605808709677419
2008,CHW,121189332,lahman,0.8620689655172413,FALSE,0.7818666580645162
2008,CHC,118345833,lahman,0.7586206896551724,FALSE,0.7635215032258065
2008,CIN,74117695,lahman,0.41379310344827586,FALSE,0.4781786774193548
2008,CLE,78970066,lahman,0.4827586206896552,FALSE,0.5094842967741936
2008,COL,68655500,lahman,0.3448275862068966,FALSE,0.44293870967741933
2008,DET,137685196,lahman,0.9310344827586207,FALSE,0.8882915870967742
2008,MIA,21811500,lahman,0,FALSE,0.14071935483870968
2008,HOU,88930414,lahman,0.5517241379310345,FALSE,0.5737446064516128
2008,KCR,58245500,lahman,0.20689655172413793,FALSE,0.3757774193548387
2008,LAA,119216333,lahman,0.8275862068965517,FALSE,0.7691376322580645
2008,LAD,118588536,lahman,0.7931034482758621,FALSE,0.7650873290322581
2008,MIL,80937499,lahman,0.5172413793103449,FALSE,0.5221774129032258
2008,MIN,56932766,lahman,0.1724137931034483,FALSE,0.3673081677419355
2008,NYY,207896789,lahman,1,FALSE,1.341269606451613
2008,NYM,137793376,lahman,0.9655172413793104,FALSE,0.8889895225806451
2008,OAK,47967126,lahman,0.06896551724137931,FALSE,0.30946532903225804
2008,PHI,97879880,lahman,0.6206896551724138,FALSE,0.6314830967741936
2008,PIT,48689783,lahman,0.10344827586206896,FALSE,0.3141276322580645
2008,SDP,73677616,lahman,0.3793103448275862,FALSE,0.4753394580645161
2008,SEA,117666482,lahman,0.7241379310344828,FALSE,0.7591385935483871
2008,SFG,76594500,lahman,0.4482758620689655,FALSE,0.49415806451612904
2008,STL,99624449,lahman,0.6551724137931034,FALSE,0.6427383806451613
2008,TBR,43820597,lahman,0.034482758620689655,FALSE,0.28271352903225805
2008,TEX,67712326,lahman,0.3103448275862069,FALSE,0.43685371612903223
2008,TOR,97793900,lahman,0.5862068965517241,FALSE,0.6309283870967742
2008,WSN,54961000,lahman,0.13793103448275862,FALSE,0.35458709677419353
2009,ARI,73115666,lahman,0.3448275862068966,FALSE,0.45133127160493824
2009,ATL,96726166,lahman,0.6551724137931034,FALSE,0.5970750987654321
2009,BAL,67101666,lahman,0.2413793103448276,FALSE,0.41420781481481483
2009,BOS,121345999,lahman,0.896551724137931,FALSE,0.7490493765432099
2009,CHW,96068500,lahman,0.6206896551724138,FALSE,0.5930154320987654
2009,CHC,134809000,lahman,0.9310344827586207,FALSE,0.8321543209876543
2009,CIN,73558500,lahman,0.3793103448275862,FALSE,0.4540648148148148
2009,CLE,81579166,lahman,0.5172413793103449,FALSE,0.503575098765432
2009,COL,75201000,lahman,0.41379310344827586,FALSE,0.46420370370370373
2009,DET,115085145,lahman,0.8620689655172413,FALSE,0.7104021296296297
2009,MIA,36834000,lahman,0,FALSE,0.22737037037037036
2009,HOU,102996414,lahman,0.7586206896551724,FALSE,0.6357803333333333
2009,KCR,70519333,lahman,0.3103448275862069,FALSE,0.43530452469135805
2009,LAA,113709000,lahman,0.8275862068965517,FALSE,0.7019074074074074
2009,LAD,100414592,lahman,0.7241379310344828,FALSE,0.61984316049382715
2009,MIL,80182502,lahman,0.4482758620689655,FALSE,0.4949537160493827
2009,MIN,65299266,lahman,0.20689655172413793,FALSE,0.4030818888888889
2009,NYY,201449189,lahman,1,FALSE,1.243513512345679
2009,NYM,149373987,lahman,0.9655172413793104,FALSE,0.9220616481481482
2009,OAK,61910000,lahman,0.13793103448275862,FALSE,0.3821604938271605
2009,PHI,113004046,lahman,0.7931034482758621,FALSE,0.6975558395061728
2009,PIT,48693000,lahman,0.06896551724137931,FALSE,0.30057407407407405
2009,SDP,43333700,lahman,0.034482758620689655,FALSE,0.267491975308642
2009,SEA,98904166,lahman,0.6896551724137931,FALSE,0.6105195432098766
2009,SFG,83026450,lahman,0.5517241379310345,FALSE,0.512508950617284
2009,STL,88528409,lahman,0.5862068965517241,FALSE,0.5464716604938271
2009,TBR,63313034,lahman,0.1724137931034483,FALSE,0.3908211975308642
2009,TEX,68178798,lahman,0.27586206896551724,FALSE,0.4208567777777778
2009,TOR,80538300,lahman,0.4827586206896552,FALSE,0.49715
2009,WSN,59928000,lahman,0.10344827586206896,FALSE,0.36992592592592594
2010,ARI,60718166,lahman,0.1724137931034483,FALSE,0.35716568235294116
2010,ATL,84423666,lahman,0.5172413793103449,FALSE,0.4966098
2010,BAL,81612500,lahman,0.4482758620689655,FALSE,0.48007352941176473
2010,BOS,162447333,lahman,0.9655172413793104,FALSE,0.9555725470588236
2010,CHW,105530000,lahman,0.7931034482758621,FALSE,0.620764705882353
2010,CHC,146609000,lahman,0.9310344827586207,FALSE,0.8624058823529411
2010,CIN,71761542,lahman,0.3448275862068966,FALSE,0.42212671764705884
2010,CLE,61203966,lahman,0.20689655172413793,FALSE,0.3600233294117647
2010,COL,84227000,lahman,0.4827586206896552,FALSE,0.4954529411764706
2010,DET,122864928,lahman,0.8275862068965517,FALSE,0.7227348705882353
2010,MIA,57029719,lahman,0.13793103448275862,FALSE,0.33546893529411764
2010,HOU,92355500,lahman,0.5862068965517241,FALSE,0.5432676470588236
2010,KCR,71405210,lahman,0.3103448275862069,FALSE,0.42003064705882354
2010,LAA,104963866,lahman,0.7586206896551724,FALSE,0.6174345058823529
2010,LAD,95358016,lahman,0.6551724137931034,FALSE,0.5609295058823529
2010,MIL,81108278,lahman,0.41379310344827586,FALSE,0.47710751764705883
2010,MIN,97559166,lahman,0.6896551724137931,FALSE,0.5738774470588235
2010,NYY,206333389,lahman,1,FALSE,1.213725817647059
2010,NYM,134422942,lahman,0.8620689655172413,FALSE,0.7907231882352941
2010,OAK,55254900,lahman,0.10344827586206896,FALSE,0.32502882352941176
2010,PHI,141928379,lahman,0.896551724137931,FALSE,0.8348728176470588
2010,PIT,34943000,lahman,0,FALSE,0.20554705882352942
2010,SDP,37799300,lahman,0.034482758620689655,FALSE,0.22234882352941177
2010,SEA,86510000,lahman,0.5517241379310345,FALSE,0.5088823529411765
2010,SFG,98641333,lahman,0.7241379310344828,FALSE,0.5802431352941176
2010,STL,93540751,lahman,0.6206896551724138,FALSE,0.5502397117647059
2010,TBR,71923471,lahman,0.3793103448275862,FALSE,0.4230792411764706
2010,TEX,55250544,lahman,0.06896551724137931,FALSE,0.3250032
2010,TOR,62234000,lahman,0.27586206896551724,FALSE,0.36608235294117647
2010,WSN,61400000,lahman,0.2413793103448276,FALSE,0.3611764705882353
2011,NYY,210950685,spotrac,1,FALSE,1.1851162078651685
2011,BOS,170490761,spotrac,0.9655172413793104,FALSE,0.9578132640449438
2011,PHI,170018182,spotrac,0.9310344827586207,FALSE,0.9551583258426967
2011,LAA,146234559,spotrac,0.896551724137931,FALSE,0.8215424662921348
2011,NYM,141831841,spotrac,0.8620689655172413,FALSE,0.7968080955056179
2011,CHC,137666584,spotrac,0.8275862068965517,FALSE,0.7734077752808989
2011,CHW,127163487,spotrac,0.7931034482758621,FALSE,0.7144016123595506
2011,SFG,125242452,spotrac,0.7586206896551724,FALSE,0.7036092808988764
2011,STL,118919465,spotrac,0.7241379310344828,FALSE,0.6680868820224719
2011,LAD,114748517,spotrac,0.6896551724137931,FALSE,0.6446545898876405
2011,MIN,113591627,spotrac,0.6551724137931034,FALSE,0.63815520786516855
2011,DET,111521015,spotrac,0.6206896551724138,FALSE,0.6265225561797753
2011,TEX,103326721,spotrac,0.5862068965517241,FALSE,0.5804871966292134
2011,SEA,100829148,spotrac,0.5517241379310345,FALSE,0.5664558876404494
2011,ATL,98344460,spotrac,0.5172413793103449,FALSE,0.5524969662921349
2011,MIL,91150638,spotrac,0.4827586206896552,FALSE,0.5120822359550562
2011,BAL,90804322,spotrac,0.4482758620689655,FALSE,0.5101366404494382
2011,HOU,84598388,spotrac,0.41379310344827586,FALSE,0.4752718426966292
2011,COL,82897934,spotrac,0.3793103448275862,FALSE,0.46571873033707867
2011,CIN,81920546,spotrac,0.3448275862068966,FALSE,0.4602277865168539
2011,OAK,75241048,spotrac,0.3103448275862069,FALSE,0.42270251685393256
2011,TOR,73491604,spotrac,0.27586206896551724,FALSE,0.4128741797752809
2011,WSN,72699723,spotrac,0.2413793103448276,FALSE,0.40842541011235955
2011,MIA,65006851,spotrac,0.20689655172413793,FALSE,0.36520702808988764
2011,ARI,64297970,spotrac,0.1724137931034483,FALSE,0.36122455056179775
2011,CLE,55544993,spotrac,0.13793103448275862,FALSE,0.3120505224719101
2011,KCR,52072804,spotrac,0.10344827586206896,FALSE,0.2925438426966292
2011,SDP,48018810,spotrac,0.06896551724137931,FALSE,0.269768595505618
2011,PIT,47140145,spotrac,0.034482758620689655,FALSE,0.26483227528089887
2011,TBR,45386925,spotrac,0,FALSE,0.2549827247191011
2012,NYY,225589742,spotrac,1,FALSE,1.2673581011235955
2012,PHI,177862491,spotrac,0.9655172413793104,FALSE,0.9992274775280899
2012,BOS,173216551,spotrac,0.9310344827586207,FALSE,0.973126691011236
2012,LAA,157168625,spotrac,0.896551724137931,FALSE,0.8829698033707866
2012,DET,143782286,spotrac,0.8620689655172413,FALSE,0.8077656516853933
2012,TEX,138312903,spotrac,0.8275862068965517,FALSE,0.7770387808988765
2012,SFG,137043205,spotrac,0.7931034482758621,FALSE,0.7699056460674157
2012,STL,119957765,spotrac,0.7586206896551724,FALSE,0.6739200280898876
2012,LAD,116707717,spotrac,0.7241379310344828,FALSE,0.6556613314606742
2012,CHC,114891526,spotrac,0.6896551724137931,FALSE,0.645458011235955
2012,MIL,111903295,spotrac,0.6551724137931034,FALSE,0.6286701966292135
2012,CHW,108841055,spotrac,0.6206896551724138,FALSE,0.6114666011235955
2012,MIN,107939507,spotrac,0.5862068965517241,FALSE,0.6064017247191011
2012,NYM,104988166,spotrac,0.5517241379310345,FALSE,0.5898211573033708
2012,MIA,98120191,spotrac,0.5172413793103449,FALSE,0.5512370280898876
2012,ATL,97928056,spotrac,0.4827586206896552,FALSE,0.550157617977528
2012,WSN,96169359,spotrac,0.4482758620689655,FALSE,0.540277297752809
2012,TOR,95551627,spotrac,0.41379310344827586,FALSE,0.536806893258427
2012,CIN,89901498,spotrac,0.3793103448275862,FALSE,0.505064595505618
2012,COL,87232529,spotrac,0.3448275862068966,FALSE,0.4900703876404494
2012,SEA,83289928,spotrac,0.3103448275862069,FALSE,0.4679209438202247
2012,BAL,82932168,spotrac,0.27586206896551724,FALSE,0.4659110561797753
2012,ARI,80711013,spotrac,0.2413793103448276,FALSE,0.4534326573033708
2012,CLE,76577243,spotrac,0.20689655172413793,FALSE,0.43020923033707864
2012,KCR,70344235,spotrac,0.1724137931034483,FALSE,0.3951923314606742
2012,TBR,68144135,spotrac,0.13793103448275862,FALSE,0.3828322191011236
2012,SDP,63831125,spotrac,0.10344827586206896,FALSE,0.3586018258426966
2012,PIT,61118682,spotrac,0.06896551724137931,FALSE,0.3433633820224719
2012,OAK,60470192,spotrac,0.034482758620689655,FALSE,0.3397201797752809
2012,HOU,54067239,spotrac,0,FALSE,0.30374853370786514
2013,LAD,236694375,spotrac,1,FALSE,1.3297436797752809
2013,NYY,234518126,spotrac,0.9655172413793104,FALSE,1.3175175617977528
2013,BOS,170734264,spotrac,0.9310344827586207,FALSE,0.9591812584269663
2013,PHI,163558353,spotrac,0.896551724137931,FALSE,0.9188671516853932
2013,DET,157332966,spotrac,0.8620689655172413,FALSE,0.8838930674157304
2013,LAA,141542644,spotrac,0.8275862068965517,FALSE,0.795183393258427
2013,SFG,140280186,spotrac,0.7931034482758621,FALSE,0.7880909325842697
2013,TEX,137937146,spotrac,0.7586206896551724,FALSE,0.7749277865168539
2013,TOR,131752425,spotrac,0.7241379310344828,FALSE,0.7401821629213483
2013,STL,120192638,spotrac,0.6896551724137931,FALSE,0.6752395393258427
2013,WSN,116584094,spotrac,0.6551724137931034,FALSE,0.6549668202247191
2013,CHW,111777595,spotrac,0.6206896551724138,FALSE,0.6279640168539325
2013,CIN,103804640,spotrac,0.5862068965517241,FALSE,0.5831721348314607
2013,NYM,101300814,spotrac,0.5517241379310345,FALSE,0.5691056966292135
2013,BAL,100120869,spotrac,0.5172413793103449,FALSE,0.5624767921348315
2013,CHC,100052899,spotrac,0.4827586206896552,FALSE,0.5620949382022472
2013,ATL,94947950,spotrac,0.4482758620689655,FALSE,0.5334154494382023
2013,CLE,93008897,spotrac,0.41379310344827586,FALSE,0.522521893258427
2013,ARI,88316478,spotrac,0.3793103448275862,FALSE,0.49615998876404493
2013,MIL,87016545,spotrac,0.3448275862068966,FALSE,0.48885699438202246
2013,KCR,84398434,spotrac,0.3103448275862069,FALSE,0.4741485056179775
2013,SEA,82720022,spotrac,0.27586206896551724,FALSE,0.4647192247191011
2013,MIN,81300970,spotrac,0.2413793103448276,FALSE,0.4567470224719101
2013,COL,79017288,spotrac,0.20689655172413793,FALSE,0.4439173483146067
2013,PIT,71480984,spotrac,0.1724137931034483,FALSE,0.4015785617977528
2013,SDP,67649701,spotrac,0.13793103448275862,FALSE,0.3800545
2013,TBR,67600703,spotrac,0.10344827586206896,FALSE,0.37977923033707867
2013,OAK,67055517,spotrac,0.06896551724137931,FALSE,0.37671638764044946
2013,MIA,35874855,spotrac,0.034482758620689655,FALSE,0.20154412921348314
2013,HOU,28727913,spotrac,0,FALSE,0.16139276966292135
2014,LAD,242157818,spotrac,1,FALSE,1.2812582962962964
2014,NYY,212512317,spotrac,0.9655172413793104,FALSE,1.1244037936507936
2014,PHI,175225539,spotrac,0.9310344827586207,FALSE,0.927119253968254
2014,DET,172143106,spotrac,0.896551724137931,FALSE,0.9108100846560847
2014,BOS,170095758,spotrac,0.8620689655172413,FALSE,0.8999775555555556
2014,LAA,165244781,spotrac,0.8275862068965517,FALSE,0.8743110105820106
2014,SFG,160336782,spotrac,0.7931034482758621,FALSE,0.8483427619047619
2014,WSN,143278577,spotrac,0.7586206896551724,FALSE,0.758087708994709
2014,TOR,141812172,spotrac,0.7241379310344828,FALSE,0.7503289523809524
2014,TEX,138770064,spotrac,0.6896551724137931,FALSE,0.7342331428571428
2014,STL,121340470,spotrac,0.6551724137931034,FALSE,0.6420130687830687
2014,ATL,116865707,spotrac,0.6206896551724138,FALSE,0.6183370740740741
2014,SEA,115534174,spotrac,0.5862068965517241,FALSE,0.611291925925926
2014,BAL,113562943,spotrac,0.5517241379310345,FALSE,0.6008621322751323
2014,CIN,113351318,spotrac,0.5172413793103449,FALSE,0.5997424232804233
2014,MIL,107552546,spotrac,0.4827586206896552,FALSE,0.5690610899470899
2014,ARI,106343190,spotrac,0.4482758620689655,FALSE,0.562662380952381
2014,KCR,98558300,spotrac,0.41379310344827586,FALSE,0.5214724867724868
2014,COL,96772365,spotrac,0.3793103448275862,FALSE,0.5120230952380952
2014,NYM,94478037,spotrac,0.3448275862068966,FALSE,0.49988379365079366
2014,OAK,92888412,spotrac,0.3103448275862069,FALSE,0.4914730793650794
2014,CHC,90364741,spotrac,0.27586206896551724,FALSE,0.47812032275132277
2014,CHW,89297302,spotrac,0.2413793103448276,FALSE,0.47247249735449737
2014,MIN,87494478,spotrac,0.20689655172413793,FALSE,0.46293374603174603
2014,SDP,85001967,spotrac,0.1724137931034483,FALSE,0.44974585714285714
2014,CLE,84481929,spotrac,0.13793103448275862,FALSE,0.4469943333333333
2014,TBR,83321046,spotrac,0.10344827586206896,FALSE,0.44085209523809527
2014,PIT,76976823,spotrac,0.06896551724137931,FALSE,0.4072847777777778
2014,HOU,52182183,spotrac,0.034482758620689655,FALSE,0.27609620634920634
2014,MIA,50049679,spotrac,0,FALSE,0.2648131164021164
2015,LAD,301735080,spotrac,1,FALSE,1.5964819047619048
2015,NYY,221242659,spotrac,0.9655172413793104,FALSE,1.1705960793650794
2015,BOS,183481478,spotrac,0.9310344827586207,FALSE,0.9708014708994709
2015,SFG,181613630,spotrac,0.896551724137931,FALSE,0.9609186772486773
2015,WSN,165655095,spotrac,0.8620689655172413,FALSE,0.8764819841269841
2015,DET,162160921,spotrac,0.8275862068965517,FALSE,0.857994291005291
2015,TEX,149234268,spotrac,0.7931034482758621,FALSE,0.7895993015873016
2015,LAA,143348162,spotrac,0.7586206896551724,FALSE,0.7584558835978836
2015,PHI,141722639,spotrac,0.7241379310344828,FALSE,0.7498552328042328
2015,TOR,138309664,spotrac,0.6896551724137931,FALSE,0.731797164021164
2015,CHC,132993810,spotrac,0.6551724137931034,FALSE,0.7036709523809523
2015,STL,132178951,spotrac,0.6206896551724138,FALSE,0.6993595291005291
2015,KCR,126391174,spotrac,0.5862068965517241,FALSE,0.6687363703703704
2015,SEA,126045473,spotrac,0.5517241379310345,FALSE,0.6669072645502645
2015,CHW,119812987,spotrac,0.5172413793103449,FALSE,0.6339311481481481
2015,BAL,116560870,spotrac,0.4827586206896552,FALSE,0.6167241798941799
2015,NYM,115698927,spotrac,0.4482758620689655,FALSE,0.612163634920635
2015,CIN,112333097,spotrac,0.41379310344827586,FALSE,0.5943550105820106
2015,ATL,110777379,spotrac,0.3793103448275862,FALSE,0.5861236984126984
2015,SDP,107915272,spotrac,0.3448275862068966,FALSE,0.5709802751322751
2015,MIN,106231818,spotrac,0.3103448275862069,FALSE,0.5620731111111111
2015,COL,101277051,spotrac,0.27586206896551724,FALSE,0.5358574126984127
2015,PIT,99435606,spotrac,0.2413793103448276,FALSE,0.5261143174603174
2015,MIL,93298373,spotrac,0.20689655172413793,FALSE,0.4936421851851852
2015,HOU,81450835,spotrac,0.1724137931034483,FALSE,0.43095679894179895
2015,OAK,80491339,spotrac,0.13793103448275862,FALSE,0.4258801005291005
2015,CLE,77404413,spotrac,0.10344827586206896,FALSE,0.40954715873015873
2015,ARI,76781801,spotrac,0.06896551724137931,FALSE,0.40625291534391533
2015,TBR,73241552,spotrac,0.034482758620689655,FALSE,0.3875214391534392
2015,MIA,73240525,spotrac,0,FALSE,0.38751600529100527
2016,LAD,266745494,spotrac,1,FALSE,1.4113518201058202
2016,NYY,220743376,spotrac,0.9655172413793104,FALSE,1.1679543703703703
2016,BOS,207758836,spotrac,0.9310344827586207,FALSE,1.0992531005291006
2016,DET,200179285,spotrac,0.896551724137931,FALSE,1.059149656084656
2016,CHC,186772494,spotrac,0.8620689655172413,FALSE,0.988214253968254
2016,SFG,178834344,spotrac,0.8275862068965517,FALSE,0.9462134603174603
2016,LAA,174290373,spotrac,0.7931034482758621,FALSE,0.9221712857142857
2016,TEX,161021690,spotrac,0.7586206896551724,FALSE,0.8519666137566138
2016,BAL,154148832,spotrac,0.7241379310344828,FALSE,0.8156022857142857
2016,STL,149355870,spotrac,0.6896551724137931,FALSE,0.7902426984126985
2016,TOR,148385479,spotrac,0.6551724137931034,FALSE,0.7851083544973545
2016,NYM,147236560,spotrac,0.6206896551724138,FALSE,0.7790294179894179
2016,SEA,147003780,spotrac,0.5862068965517241,FALSE,0.7777977777777778
2016,KCR,141587358,spotrac,0.5517241379310345,FALSE,0.7491394603174604
2016,WSN,139383852,spotrac,0.5172413793103449,FALSE,0.7374806984126984
2016,CHW,129715686,spotrac,0.4827586206896552,FALSE,0.686326380952381
2016,COL,107902280,spotrac,0.4482758620689655,FALSE,0.5709115343915344
2016,CLE,105971268,spotrac,0.41379310344827586,FALSE,0.5606945396825397
2016,PHI,103898809,spotrac,0.3793103448275862,FALSE,0.5497291481481481
2016,HOU,99828742,spotrac,0.3448275862068966,FALSE,0.5281944021164021
2016,PIT,99518136,spotrac,0.3103448275862069,FALSE,0.5265509841269841
2016,ARI,97874482,spotrac,0.27586206896551724,FALSE,0.5178544021164021
2016,MIN,97244457,spotrac,0.2413793103448276,FALSE,0.5145209365079365
2016,ATL,95839382,spotrac,0.20689655172413793,FALSE,0.5070866772486773
2016,CIN,88626437,spotrac,0.1724137931034483,FALSE,0.4689229470899471
2016,SDP,83435559,spotrac,0.13793103448275862,FALSE,0.4414579841269841
2016,OAK,83109288,spotrac,0.10344827586206896,FALSE,0.43973168253968253
2016,MIA,77715306,spotrac,0.06896551724137931,FALSE,0.41119209523809525
2016,TBR,63908549,spotrac,0.034482758620689655,FALSE,0.3381404708994709
2016,MIL,63161191,spotrac,0,FALSE,0.33418619576719577
2017,LAD,259102593,spotrac,1,FALSE,1.328731246153846
2017,BOS,209902508,spotrac,0.9655172413793104,FALSE,1.076423117948718
2017,NYY,209044502,spotrac,0.9310344827586207,FALSE,1.0720230871794871
2017,SFG,189816809,spotrac,0.896551724137931,FALSE,0.9734195333333333
2017,DET,188828874,spotrac,0.8620689655172413,FALSE,0.9683532
2017,WSN,182238854,spotrac,0.8275862068965517,FALSE,0.9345582256410256
2017,TOR,175617487,spotrac,0.7931034482758621,FALSE,0.9006024974358975
2017,BAL,175254785,spotrac,0.7586206896551724,FALSE,0.8987424871794871
2017,CHC,172092536,spotrac,0.7241379310344828,FALSE,0.8825258256410257
2017,LAA,166161209,spotrac,0.6896551724137931,FALSE,0.8521087641025641
2017,TEX,163450840,spotrac,0.6551724137931034,FALSE,0.8382094358974359
2017,SEA,160797330,spotrac,0.6206896551724138,FALSE,0.8246016923076923
2017,KCR,148227822,spotrac,0.5862068965517241,FALSE,0.7601426769230769
2017,STL,146256085,spotrac,0.5517241379310345,FALSE,0.7500312051282051
2017,NYM,143990158,spotrac,0.5172413793103449,FALSE,0.7384110666666667
2017,COL,139324341,spotrac,0.4827586206896552,FALSE,0.7144838
2017,HOU,138344211,spotrac,0.4482758620689655,FALSE,0.7094574923076923
2017,CLE,132258928,spotrac,0.41379310344827586,FALSE,0.6782509128205129
2017,MIN,121048871,spotrac,0.3793103448275862,FALSE,0.6207634410256411
2017,MIA,110765599,spotrac,0.3448275862068966,FALSE,0.5680287128205128
2017,ATL,106468575,spotrac,0.3103448275862069,FALSE,0.5459926923076923
2017,PHI,104020808,spotrac,0.27586206896551724,FALSE,0.533440041025641
2017,ARI,102619475,spotrac,0.2413793103448276,FALSE,0.526253717948718
2017,PIT,100503030,spotrac,0.20689655172413793,FALSE,0.5154001538461539
2017,CIN,96436003,spotrac,0.1724137931034483,FALSE,0.4945436051282051
2017,CHW,85495238,spotrac,0.13793103448275862,FALSE,0.4384371179487179
2017,TBR,77811205,spotrac,0.10344827586206896,FALSE,0.3990318205128205
2017,SDP,76921678,spotrac,0.06896551724137931,FALSE,0.3944701435897436
2017,OAK,73477080,spotrac,0.034482758620689655,FALSE,0.37680553846153847
2017,MIL,69924718,spotrac,0,FALSE,0.35858829743589743
2018,BOS,227398860,spotrac,1,FALSE,1.1543089340101522
2018,SFG,205665348,spotrac,0.9655172413793104,FALSE,1.043986538071066
2018,LAD,199582045,spotrac,0.9310344827586207,FALSE,1.0131068274111674
2018,CHC,194259933,spotrac,0.896551724137931,FALSE,0.9860910304568528
2018,WSN,181382609,spotrac,0.8620689655172413,FALSE,0.9207239035532995
2018,NYY,180098151,spotrac,0.8275862068965517,FALSE,0.9142038121827412
2018,LAA,173717599,spotrac,0.7931034482758621,FALSE,0.8818152233502538
2018,STL,163534311,spotrac,0.7586206896551724,FALSE,0.8301234060913706
2018,HOU,163506636,spotrac,0.7241379310344828,FALSE,0.829982923857868
2018,SEA,160993827,spotrac,0.6896551724137931,FALSE,0.8172275482233503
2018,TOR,150946147,spotrac,0.6551724137931034,FALSE,0.7662240964467005
2018,NYM,150187987,spotrac,0.6206896551724138,FALSE,0.7623755685279188
2018,COL,143968544,spotrac,0.5862068965517241,FALSE,0.7308047918781726
2018,CLE,142604703,spotrac,0.5517241379310345,FALSE,0.7238817411167513
2018,ARI,141724597,spotrac,0.5172413793103449,FALSE,0.7194141979695432
2018,TEX,140625018,spotrac,0.4827586206896552,FALSE,0.713832578680203
2018,DET,130995349,spotrac,0.4482758620689655,FALSE,0.6649510101522843
2018,ATL,130852350,spotrac,0.41379310344827586,FALSE,0.6642251269035533
2018,BAL,130413607,spotrac,0.3793103448275862,FALSE,0.6619980050761421
2018,KCR,129944821,spotrac,0.3448275862068966,FALSE,0.6596183807106599
2018,MIN,115538840,spotrac,0.3103448275862069,FALSE,0.5864915736040609
2018,MIL,109987885,spotrac,0.27586206896551724,FALSE,0.5583141370558375
2018,PHI,104297471,spotrac,0.2413793103448276,FALSE,0.5294287868020304
2018,SDP,102710815,spotrac,0.20689655172413793,FALSE,0.5213746954314721
2018,CIN,100305768,spotrac,0.1724137931034483,FALSE,0.5091663350253807
2018,MIA,91660500,spotrac,0.13793103448275862,FALSE,0.4652817258883249
2018,PIT,91025861,spotrac,0.10344827586206896,FALSE,0.4620602081218274
2018,OAK,80315288,spotrac,0.06896551724137931,FALSE,0.40769181725888326
2018,CHW,71839808,spotrac,0.034482758620689655,FALSE,0.36466907614213195
2018,TBR,68895137,spotrac,0,FALSE,0.3497215076142132
2019,BOS,229166880,spotrac,1,FALSE,1.112460582524272
2019,NYY,223019037,spotrac,0.9655172413793104,FALSE,1.0826166844660194
2019,CHC,221580085,spotrac,0.9310344827586207,FALSE,1.0756314805825242
2019,LAD,207000814,spotrac,0.896551724137931,FALSE,1.0048583203883494
2019,SFG,178582126,spotrac,0.8620689655172413,FALSE,0.8669035242718447
2019,STL,173762164,spotrac,0.8275862068965517,FALSE,0.8435056504854369
2019,WSN,172321791,spotrac,0.7931034482758621,FALSE,0.8365135485436893
2019,HOU,167138259,spotrac,0.7586206896551724,FALSE,0.8113507718446602
2019,LAA,160270385,spotrac,0.7241379310344828,FALSE,0.7780115776699029
2019,PHI,159637244,spotrac,0.6896551724137931,FALSE,0.7749380776699029
2019,COL,157091013,spotrac,0.6551724137931034,FALSE,0.7625777330097088
2019,NYM,146835812,spotrac,0.6206896551724138,FALSE,0.7127952038834952
2019,TEX,146538766,spotrac,0.5862068965517241,FALSE,0.7113532330097088
2019,SEA,144388309,spotrac,0.5517241379310345,FALSE,0.7009141213592233
2019,ATL,143947963,spotrac,0.5172413793103449,FALSE,0.6987765194174758
2019,MIL,136850200,spotrac,0.4827586206896552,FALSE,0.6643213592233009
2019,CIN,128691569,spotrac,0.4482758620689655,FALSE,0.624716354368932
2019,MIN,125256003,spotrac,0.41379310344827586,FALSE,0.6080388495145631
2019,ARI,119327905,spotrac,0.3793103448275862,FALSE,0.5792616747572815
2019,DET,114631137,spotrac,0.3448275862068966,FALSE,0.5564618300970874
2019,TOR,111370699,spotrac,0.3103448275862069,FALSE,0.5406344611650485
2019,CLE,106838693,spotrac,0.27586206896551724,FALSE,0.518634432038835
2019,KCR,104773003,spotrac,0.2413793103448276,FALSE,0.5086068106796117
2019,SDP,103699790,spotrac,0.20689655172413793,FALSE,0.5033970388349515
2019,OAK,98644531,spotrac,0.1724137931034483,FALSE,0.4788569466019417
2019,CHW,91371201,spotrac,0.13793103448275862,FALSE,0.4435495194174757
2019,MIA,75596271,spotrac,0.10344827586206896,FALSE,0.36697218932038833
2019,BAL,73328658,spotrac,0.06896551724137931,FALSE,0.355964359223301
2019,PIT,72176474,spotrac,0.034482758620689655,FALSE,0.35037123300970874
2019,TBR,64178722,spotrac,0,FALSE,0.3115471941747573
2020,LAD,124917397,spotrac,1,TRUE,NA
2020,NYY,111939081,spotrac,0.9655172413793104,TRUE,NA
2020,CHC,86596171,spotrac,0.9310344827586207,TRUE,NA
2020,BOS,84210390,spotrac,0.896551724137931,TRUE,NA
2020,HOU,83045444,spotrac,0.8620689655172413,TRUE,NA
2020,NYM,81945598,spotrac,0.8275862068965517,TRUE,NA
2020,WSN,75067703,spotrac,0.7931034482758621,TRUE,NA
2020,PHI,73543547,spotrac,0.7586206896551724,TRUE,NA
2020,SFG,73408817,spotrac,0.7241379310344828,TRUE,NA
2020,STL,73246343,spotrac,0.6896551724137931,TRUE,NA
2020,SDP,73097954,spotrac,0.6551724137931034,TRUE,NA
2020,COL,67808533,spotrac,0.6206896551724138,TRUE,NA
2020,LAA,67040893,spotrac,0.5862068965517241,TRUE,NA
2020,ARI,65601868,spotrac,0.5517241379310345,TRUE,NA
2020,TEX,64215248,spotrac,0.5172413793103449,TRUE,NA
2020,ATL,63561931,spotrac,0.4827586206896552,TRUE,NA
2020,MIN,59679689,spotrac,0.4482758620689655,TRUE,NA
2020,CIN,55535890,spotrac,0.41379310344827586,TRUE,NA
2020,TOR,55312875,spotrac,0.3793103448275862,TRUE,NA
2020,CHW,53665251,spotrac,0.3448275862068966,TRUE,NA
2020,SEA,50433829,spotrac,0.3103448275862069,TRUE,NA
2020,DET,43164880,spotrac,0.27586206896551724,TRUE,NA
2020,MIL,41434086,spotrac,0.2413793103448276,TRUE,NA
2020,CLE,39299107,spotrac,0.20689655172413793,TRUE,NA
2020,OAK,36720178,spotrac,0.1724137931034483,TRUE,NA
2020,KCR,34934696,spotrac,0.13793103448275862,TRUE,NA
2020,MIA,34222260,spotrac,0.10344827586206896,TRUE,NA
2020,TBR,28290689,spotrac,0.06896551724137931,TRUE,NA
2020,PIT,25343022,spotrac,0.034482758620689655,TRUE,NA
2020,BAL,23478635,spotrac,0,TRUE,NA
2021,LAD,261320507,spotrac,1,FALSE,1.2443833666666666
2021,NYY,205669863,spotrac,0.9655172413793104,FALSE,0.9793803
2021,NYM,201189189,spotrac,0.9310344827586207,FALSE,0.9580437571428572
2021,HOU,194222042,spotrac,0.896551724137931,FALSE,0.9248668666666666
2021,PHI,190519366,spotrac,0.8620689655172413,FALSE,0.9072350761904762
2021,BOS,187100784,spotrac,0.8275862068965517,FALSE,0.8909561142857143
2021,LAA,183849560,spotrac,0.7931034482758621,FALSE,0.8754740952380953
2021,SDP,179767122,spotrac,0.7586206896551724,FALSE,0.8560339142857143
2021,SFG,171890308,spotrac,0.7241379310344828,FALSE,0.8185252761904762
2021,ATL,152753755,spotrac,0.6896551724137931,FALSE,0.7273988333333333
2021,STL,151469994,spotrac,0.6551724137931034,FALSE,0.7212856857142858
2021,TOR,150132759,spotrac,0.6206896551724138,FALSE,0.7149179
2021,CHC,144040237,spotrac,0.5862068965517241,FALSE,0.6859058904761904
2021,WSN,144023139,spotrac,0.5517241379310345,FALSE,0.6858244714285714
2021,CHW,140926169,spotrac,0.5172413793103449,FALSE,0.6710769952380953
2021,CIN,126608690,spotrac,0.4827586206896552,FALSE,0.6028985238095238
2021,MIN,121417939,spotrac,0.4482758620689655,FALSE,0.5781806619047619
2021,COL,116285650,spotrac,0.41379310344827586,FALSE,0.5537411904761905
2021,MIL,99377415,spotrac,0.3793103448275862,FALSE,0.4732257857142857
2021,TEX,95791911,spotrac,0.3448275862068966,FALSE,0.45615195714285717
2021,ARI,91636935,spotrac,0.3103448275862069,FALSE,0.43636635714285715
2021,KCR,91595545,spotrac,0.27586206896551724,FALSE,0.4361692619047619
2021,OAK,90400598,spotrac,0.2413793103448276,FALSE,0.4304790380952381
2021,DET,86348945,spotrac,0.20689655172413793,FALSE,0.4111854523809524
2021,SEA,83822113,spotrac,0.1724137931034483,FALSE,0.39915291904761907
2021,TBR,70836327,spotrac,0.13793103448275862,FALSE,0.33731584285714283
2021,MIA,58157900,spotrac,0.10344827586206896,FALSE,0.27694238095238094
2021,PIT,54356609,spotrac,0.06896551724137931,FALSE,0.25884099523809523
2021,CLE,50670534,spotrac,0.034482758620689655,FALSE,0.24128825714285715
2021,BAL,42421870,spotrac,0,FALSE,0.20200890476190475
2022,NYM,266670327,spotrac,1,FALSE,1.1594362043478261
2022,LAD,264996019,spotrac,0.9655172413793104,FALSE,1.1521566043478262
2022,NYY,252957200,spotrac,0.9310344827586207,FALSE,1.0998139130434783
2022,PHI,244458518,spotrac,0.896551724137931,FALSE,1.0628631217391304
2022,SDP,224492122,spotrac,0.8620689655172413,FALSE,0.9760527043478261
2022,BOS,211808993,spotrac,0.8275862068965517,FALSE,0.9209086652173913
2022,CHW,203203922,spotrac,0.7931034482758621,FALSE,0.8834953130434783
2022,HOU,183791796,spotrac,0.7586206896551724,FALSE,0.7990947652173913
2022,ATL,179935585,spotrac,0.7241379310344828,FALSE,0.7823286304347826
2022,LAA,179877811,spotrac,0.6896551724137931,FALSE,0.7820774391304348
2022,TOR,177286618,spotrac,0.6551724137931034,FALSE,0.7708113826086956
2022,SFG,162453046,spotrac,0.6206896551724138,FALSE,0.7063175913043478
2022,STL,156428325,spotrac,0.5862068965517241,FALSE,0.6801231521739131
2022,CHC,151054737,spotrac,0.5517241379310345,FALSE,0.6567597260869565
2022,MIN,150363491,spotrac,0.5172413793103449,FALSE,0.6537543086956522
2022,TEX,150035993,spotrac,0.4827586206896552,FALSE,0.6523304043478261
2022,COL,140072825,spotrac,0.4482758620689655,FALSE,0.6090122826086957
2022,DET,136248620,spotrac,0.41379310344827586,FALSE,0.5923853043478261
2022,MIL,133086663,spotrac,0.3793103448275862,FALSE,0.5786376652173914
2022,WSN,126782278,spotrac,0.3448275862068966,FALSE,0.5512272956521739
2022,CIN,115417321,spotrac,0.3103448275862069,FALSE,0.5018144391304348
2022,SEA,113926407,spotrac,0.27586206896551724,FALSE,0.4953322043478261
2022,TBR,98342073,spotrac,0.2413793103448276,FALSE,0.4275742304347826
2022,KCR,92613711,spotrac,0.20689655172413793,FALSE,0.4026683086956522
2022,MIA,88452043,spotrac,0.1724137931034483,FALSE,0.3845741
2022,ARI,85966193,spotrac,0.13793103448275862,FALSE,0.3737660565217391
2022,CLE,66717694,spotrac,0.10344827586206896,FALSE,0.2900769304347826
2022,PIT,56197847,spotrac,0.06896551724137931,FALSE,0.2443384652173913
2022,OAK,48443900,spotrac,0.034482758620689655,FALSE,0.21062565217391305
2022,BAL,44888388,spotrac,0,FALSE,0.19516690434782608
2023,NYM,347949991,spotrac,1,FALSE,1.493347600858369
2023,NYY,278747922,spotrac,0.9655172413793104,FALSE,1.1963430128755366
2023,SDP,256049558,spotrac,0.9310344827586207,FALSE,1.0989251416309014
2023,TEX,251332754,spotrac,0.896551724137931,FALSE,1.078681347639485
2023,PHI,245460961,spotrac,0.8620689655172413,FALSE,1.0534805193133048
2023,HOU,237107748,spotrac,0.8275862068965517,FALSE,1.0176298197424893
2023,LAD,235747111,spotrac,0.7931034482758621,FALSE,1.0117901759656653
2023,LAA,230534276,spotrac,0.7586206896551724,FALSE,0.9894174935622317
2023,TOR,214916600,spotrac,0.7241379310344828,FALSE,0.9223888412017167
2023,ATL,206424932,spotrac,0.6896551724137931,FALSE,0.8859439141630902
2023,CHC,189869996,spotrac,0.6551724137931034,FALSE,0.8148926866952789
2023,SFG,189413646,spotrac,0.6206896551724138,FALSE,0.8129341030042918
2023,BOS,182930664,spotrac,0.5862068965517241,FALSE,0.7851101459227467
2023,COL,176240555,spotrac,0.5517241379310345,FALSE,0.7563972317596567
2023,CHW,162867704,spotrac,0.5172413793103449,FALSE,0.6990030214592274
2023,MIN,156104540,spotrac,0.4827586206896552,FALSE,0.6699765665236052
2023,STL,148793028,spotrac,0.4482758620689655,FALSE,0.6385966866952789
2023,MIL,129238354,spotrac,0.41379310344827586,FALSE,0.5546710472103005
2023,SEA,127993987,spotrac,0.3793103448275862,FALSE,0.5493304163090129
2023,DET,121474919,spotrac,0.3448275862068966,FALSE,0.5213515836909871
2023,ARI,119296377,spotrac,0.3103448275862069,FALSE,0.5120016180257511
2023,MIA,105435809,spotrac,0.27586206896551724,FALSE,0.4525142017167382
2023,CIN,103954851,spotrac,0.2413793103448276,FALSE,0.44615815879828324
2023,KCR,96083853,spotrac,0.20689655172413793,FALSE,0.41237705150214593
2023,WSN,93383875,spotrac,0.1724137931034483,FALSE,0.40078916309012874
2023,CLE,92103949,spotrac,0.13793103448275862,FALSE,0.3952959184549356
2023,TBR,79249107,spotrac,0.10344827586206896,FALSE,0.34012492274678113
2023,PIT,75734681,spotrac,0.06896551724137931,FALSE,0.3250415493562232
2023,BAL,71064917,spotrac,0.034482758620689655,FALSE,0.30499964377682404
2023,OAK,62258711,spotrac,0,FALSE,0.26720476824034334
2024,NYM,322960494,spotrac,1,FALSE,1.3627025063291138
2024,NYY,315866982,spotrac,0.9655172413793104,FALSE,1.332772075949367
2024,LAD,266640208,spotrac,0.9310344827586207,FALSE,1.1250641687763714
2024,HOU,248670553,spotrac,0.896551724137931,FALSE,1.0492428396624474
2024,PHI,244353627,spotrac,0.8620689655172413,FALSE,1.0310279620253164
2024,ATL,238108491,spotrac,0.8275862068965517,FALSE,1.00467717721519
2024,CHC,231700554,spotrac,0.7931034482758621,FALSE,0.9776394683544304
2024,TEX,227545408,spotrac,0.7586206896551724,FALSE,0.9601072067510549
2024,TOR,219180044,spotrac,0.7241379310344828,FALSE,0.924810312236287
2024,SFG,207092069,spotrac,0.6896551724137931,FALSE,0.8738061983122363
2024,BOS,190176844,spotrac,0.6551724137931034,FALSE,0.80243394092827
2024,STL,179440274,spotrac,0.6206896551724138,FALSE,0.7571319578059071
2024,ARI,178427194,spotrac,0.5862068965517241,FALSE,0.752857358649789
2024,SDP,172855090,spotrac,0.5517241379310345,FALSE,0.7293463713080168
2024,LAA,171986921,spotrac,0.5172413793103449,FALSE,0.7256832109704642
2024,SEA,149346087,spotrac,0.4827586206896552,FALSE,0.6301522658227848
2024,COL,147506521,spotrac,0.4482758620689655,FALSE,0.6223903839662447
2024,CHW,142916866,spotrac,0.41379310344827586,FALSE,0.6030247510548523
2024,MIN,131225880,spotrac,0.3793103448275862,FALSE,0.5536956962025317
2024,KCR,125670914,spotrac,0.3448275862068966,FALSE,0.5302570210970464
2024,MIL,124643685,spotrac,0.3103448275862069,FALSE,0.5259227215189873
2024,BAL,111309008,spotrac,0.27586206896551724,FALSE,0.46965826160337554
2024,WSN,107128130,spotrac,0.2413793103448276,FALSE,0.4520174261603376
2024,CLE,107113214,spotrac,0.20689655172413793,FALSE,0.4519544894514768
2024,CIN,102298823,spotrac,0.1724137931034483,FALSE,0.4316406033755274
2024,DET,98607894,spotrac,0.13793103448275862,FALSE,0.41606706329113924
2024,MIA,97569865,spotrac,0.10344827586206896,FALSE,0.411687194092827
2024,TBR,89852001,spotrac,0.06896551724137931,FALSE,0.3791223670886076
2024,PIT,85405037,spotrac,0.034482758620689655,FALSE,0.360358805907173
2024,OAK,63503127,spotrac,0,FALSE,0.2679456835443038
2025,LAD,350024106,spotrac,1,FALSE,1.4523821825726142
2025,NYM,342303011,spotrac,0.9655172413793104,FALSE,1.4203444439834025
2025,NYY,304091683,spotrac,0.9310344827586207,FALSE,1.2617912157676348
2025,PHI,292315191,spotrac,0.896551724137931,FALSE,1.2129261037344399
2025,TOR,255255406,spotrac,0.8620689655172413,FALSE,1.059151062240664
2025,HOU,232140003,spotrac,0.8275862068965517,FALSE,0.9632365269709544
2025,TEX,226526491,spotrac,0.7931034482758621,FALSE,0.9399439460580913
2025,SDP,223125239,spotrac,0.7586206896551724,FALSE,0.925830867219917
2025,ATL,220361106,spotrac,0.7241379310344828,FALSE,0.9143614356846473
2025,CHC,214020073,spotrac,0.6896551724137931,FALSE,0.8880500954356847
2025,LAA,208420995,spotrac,0.6551724137931034,FALSE,0.8648174066390042
2025,BOS,203658855,spotrac,0.6206896551724138,FALSE,0.845057489626556
2025,SFG,178562152,spotrac,0.5862068965517241,FALSE,0.7409217925311203
2025,ARI,177399443,spotrac,0.5517241379310345,FALSE,0.7360972738589212
2025,SEA,165596493,spotrac,0.5172413793103449,FALSE,0.687122377593361
2025,BAL,158571377,spotrac,0.4827586206896552,FALSE,0.6579725186721992
2025,DET,157542361,spotrac,0.4482758620689655,FALSE,0.6537027427385892
2025,KCR,133630058,spotrac,0.41379310344827586,FALSE,0.5544815684647303
2025,STL,131152698,spotrac,0.3793103448275862,FALSE,0.5442020663900415
2025,MIN,129650732,spotrac,0.3448275862068966,FALSE,0.5379698423236514
2025,COL,127325786,spotrac,0.3103448275862069,FALSE,0.5283227634854771
2025,MIL,121618720,spotrac,0.27586206896551724,FALSE,0.5046419917012448
2025,CIN,119036486,spotrac,0.2413793103448276,FALSE,0.4939273278008299
2025,WSN,109465924,spotrac,0.20689655172413793,FALSE,0.45421545228215765
2025,CLE,100265946,spotrac,0.1724137931034483,FALSE,0.4160412697095436
2025,TBR,88629788,spotrac,0.13793103448275862,FALSE,0.36775845643153526
2025,PIT,84433338,spotrac,0.10344827586206896,FALSE,0.35034580082987554
2025,CHW,79960763,spotrac,0.06896551724137931,FALSE,0.33178739834024895
2025,OAK,78384241,spotrac,0.034482758620689655,FALSE,0.3252458132780083
2025,MIA,67794627,spotrac,0,FALSE,0.2813055062240664
